{
  "anchors": [
    [
      0.01935,
      0.02452
    ],
    [
      0.03154,
      0.02833
    ],
    [
      0.03384,
      0.04829
    ],
    [
      0.04997,
      0.03438
    ],
    [
      0.05306,
      0.05087
    ],
    [
      0.04165,
      0.08492
    ],
    [
      0.08495,
      0.04341
    ],
    [
      0.06745,
      0.07107
    ],
    [
      0.11376,
      0.08992
    ]
  ],
  "masks": [
    [
      6,
      7,
      8
    ],
    [
      3,
      4,
      5
    ],
    [
      0,
      1,
      2
    ]
  ],
  "source": "datasets/unified_pku_yolo_gray640/train",
  "k": 9
}