{
  "anchors": [
    [
      0.02217,
      0.02339
    ],
    [
      0.02842,
      0.04224
    ],
    [
      0.04472,
      0.02851
    ],
    [
      0.04528,
      0.04486
    ],
    [
      0.05703,
      0.05334
    ],
    [
      0.04025,
      0.08061
    ],
    [
      0.08308,
      0.0423
    ],
    [
      0.07032,
      0.07749
    ],
    [
      0.12205,
      0.08728
    ]
  ],
  "masks": [
    [
      6,
      7,
      8
    ],
    [
      3,
      4,
      5
    ],
    [
      0,
      1,
      2
    ]
  ],
  "source": "datasets/unified_pku_yolo_gray640/train",
  "k": 9
}